id,name,birth,mobile,address
1,user1,1999-01-02,18421314515,test address1
2,user2,1999-01-03,18421314525,"test ,address2"
3,user3,1999-01-04,18421314535,test address3
4,user4,1999-01-05,18421314545,test address4
5,user5,1999-01-06,18421314555,test address5
6,user6,1999-01-07,18421314565,test address6
7,user7,1999-01-08,18421314575,test address7
8,user8,1999-01-09,18421314585,test address8
9,user9,1999-01-10,18421314595,test address9
10,user10,1999-01-11,18421314605,test address10
11,user11,1999-01-12,18421314615,test address11
12,user12,1999-01-13,18421314625,test address12
13,user13,1999-01-14,18421314635,test address13
14,user14,1999-01-15,18421314645,test address14
15,user15,1999-01-16,18421314655,test address15
16,user16,1999-01-17,18421314665,test address16
17,user17,1999-01-18,18421314675,test address17
18,user18,1999-01-19,18421314685,test address18
19,user19,1999-01-20,18421314695,test address19
20,user20,1999-01-21,18421314705,test address20
21,user21,1999-01-22,18421314715,test address21